ticker,date,transcript_text
AMZN,2023-01-01,We delivered outstanding results. Strong execution positions us well for growth.
MSFT,2023-02-15,We delivered outstanding results. Strong execution positions us well for growth.
AMZN,2023-04-01,This quarter demonstrated exceptional performance. We achieved record revenue.
TSLA,2023-05-16,This quarter's results were below expectations. We experienced margin pressure.
TSLA,2023-06-30,We delivered outstanding results. Strong execution positions us well for growth.
AAPL,2023-08-14,We faced headwinds this quarter that impacted our results. Revenue declined.
TSLA,2023-09-28,We delivered outstanding results. Strong execution positions us well for growth.
AMZN,2023-11-12,We faced headwinds this quarter that impacted our results. Revenue declined.
GOOGL,2023-12-27,We are pleased to report strong quarterly results. Revenue exceeded expectations.
MSFT,2024-02-10,We encountered challenges this quarter. Revenue growth slowed significantly.
